epoch,step,train_loss,val_loss
0,24,0.9839542508125305,
0,49,0.6729548573493958,
0,74,0.6896339058876038,
0,99,0.6641465425491333,
0,124,0.6936596632003784,
0,149,0.6940250396728516,
0,155,,0.6840763092041016
